States,Total_Victims,Unemployment Count,Unemployment Rates,GRADE number,Gun Check Totals,Hate Group Count,Household Income,Latitude,Longitude,Mass Shooting Count,Median Age,Per Capita Hate Group,Per Capita Income,Per Capita Mass Shooting,Population,Poverty Count,Poverty Rates,Election_Result_B,Election_Result_R
Alabama,44.0,165391.0,3.4095816933019516,5.5,621305,23.0,46472.0,32.7794,-86.8287,7.0,38.7,0.47415142871102345,25746.0,1.4430695656422454,4850771.0,849699.0,17.51678238366643,0,1
Alaska,0.0,29548.0,4.00073114756318,5.5,87623,4.0,76114.0,64.0685,-152.2782,0.0,33.9,0.5415907875407039,35065.0,0.0,738565.0,73380.0,9.935482997434214,0,1
Arizona,20.0,225911.0,3.317368449030286,5.5,310672,22.0,53510.0,34.2744,-111.6602,5.0,37.2,0.323056893549523,27964.0,0.7342202126125522,6809946.0,1128046.0,16.564683479134782,0,1
Arkansas,37.0,85128.0,2.858616548867272,5.5,234282,12.0,43813.0,34.8938,-92.4426,3.0,37.9,0.4029625808947381,24426.0,1.0074064522368453,2977944.0,524211.0,17.603118124450962,0,1
California,186.0,1491146.0,3.825133654296722,0.0,1474616,75.0,67169.0,37.1841,-119.4696,37.0,36.1,0.19239231039231178,33128.0,0.9491353979354048,38982847.0,5773408.0,14.81012405276608,1,0
Colorado,12.0,152856.0,2.811652088404363,3.0,413284,21.0,65458.0,38.9972,-105.5478,2.0,36.5,0.3862765861758232,34845.0,0.36788246302459354,5436519.0,612143.0,11.259833728163187,1,0
Connecticut,8.0,140712.0,3.9146713375349633,0.5,270297,6.0,73781.0,41.6219,-72.7273,2.0,40.8,0.1669227075530856,41365.0,0.556409025176952,3594478.0,350783.0,9.758941353932338,1,0
Delaware,4.0,30245.0,3.2048293371423244,1.5,42950,2.0,63036.0,38.9896,-75.505,1.0,39.8,0.21192457180640267,32625.0,1.0596228590320134,943732.0,111304.0,11.79402627016992,1,0
District of Columbia,24.0,31279.0,4.651906405647904,3.0,512,26.0,77649.0,38.9101,-77.0147,5.0,33.9,3.866797741195227,50832.0,7.436149502298514,672391.0,111025.0,16.51196996985385,1,0
Florida,122.0,699117.0,3.4475864941728527,5.5,1034546,66.0,50883.0,28.6305,-82.4497,24.0,41.8,0.3254687106956464,28774.0,1.1835225843478052,20278447.0,3070972.0,15.144019657915619,1,0
Georgia,45.0,372581.0,3.6521694806763816,5.5,484580,40.0,52977.0,32.6415,-83.4426,9.0,36.4,0.3920940123813487,28015.0,0.8822115278580345,10201635.0,1679030.0,16.458440240216397,0,1
Hawaii,0.0,34380.0,2.4183031361973133,0.5,15225,1.0,74923.0,20.2927,-156.3737,0.0,38.8,0.070340405357688,32511.0,0.0,1421658.0,143148.0,10.06908834614232,1,0
Idaho,0.0,42328.0,2.5539180933705405,5.5,131742,12.0,50985.0,44.3509,-114.613,0.0,35.9,0.7240365035070518,25471.0,0.0,1657375.0,236000.0,14.239384568972019,0,1
Illinois,173.0,491310.0,3.82207792025937,1.0,1344096,35.0,61229.0,40.0417,-89.1965,36.0,37.7,0.2722776397978424,32924.0,2.800570009349236,12854526.0,1698613.0,13.214123959140927,1,0
Indiana,33.0,202199.0,3.0569431807908116,5.0,647550,30.0,52182.0,39.8942,-86.2816,7.0,37.5,0.45355464380993155,27305.0,1.0582941688898404,6614418.0,933540.0,14.113713406077451,0,1
Iowa,9.0,69018.0,2.213461907275644,3.5,127022,4.0,56570.0,42.0751,-93.49600000000001,2.0,38.1,0.12828316713180005,30063.0,0.6414158356590003,3118102.0,361343.0,11.588556115226506,1,0
Kansas,19.0,71009.0,2.445365070837724,5.5,172167,4.0,55477.0,38.4937,-98.3804,4.0,36.3,0.1377495850293751,29600.0,1.3774958502937509,2903820.0,361285.0,12.441714706834446,0,1
Kentucky,28.0,140717.0,3.1804937012586634,5.5,2492184,11.0,46535.0,37.5347,-85.3021,6.0,38.6,0.24862263062633014,25888.0,1.3561234397799824,4424376.0,783586.0,17.710655694723958,0,1
Louisiana,69.0,157186.0,3.3705867809337313,5.5,315357,13.0,46710.0,31.0689,-91.9968,15.0,36.4,0.2787629187849968,26205.0,3.216495216749963,4663461.0,887574.0,19.03251683674421,0,1
Maine,5.0,36790.0,2.765836840435497,5.5,83085,3.0,53024.0,45.3695,-69.2428,1.0,44.3,0.225537116643286,29886.0,0.7517903888109533,1330158.0,166904.0,12.547682305410335,1,0
Maryland,34.0,198375.0,3.308412047272893,0.5,142207,19.0,78916.0,39.055,-76.7909,8.0,38.5,0.31687374365814724,39070.0,1.334205236455357,5996079.0,566966.0,9.455612576151848,1,0
Massachusetts,4.0,224856.0,3.3119080131600827,0.5,179344,10.0,74167.0,42.2596,-71.8083,1.0,39.4,0.14729017740954578,39913.0,0.1472901774095458,6789319.0,727546.0,10.71603794136054,1,0
Michigan,34.0,361624.0,3.643358244082354,3.0,424091,29.0,52668.0,44.3467,-85.4102,8.0,39.6,0.2921747148374783,28938.0,0.8059992133447678,9925568.0,1510841.0,15.221708218612779,1,0
Minnesota,17.0,130510.0,2.3769170051464963,2.5,481122,12.0,65699.0,46.2807,-94.3053,4.0,37.9,0.21855033378099725,34712.0,0.7285011126033242,5490726.0,560995.0,10.217137041622546,1,0
Mississippi,65.0,117786.0,3.944317565350175,5.5,214829,15.0,42009.0,32.7364,-89.6678,13.0,36.9,0.5023072647025336,22500.0,4.353329627421958,2986220.0,620007.0,20.762268017761585,0,1
Missouri,48.0,175919.0,2.895643013513736,5.5,517063,18.0,51542.0,38.3566,-92.458,10.0,38.4,0.29628166510295784,28282.0,1.6460092505719883,6075300.0,861679.0,14.183316050236202,0,1
Montana,5.0,25076.0,2.43488933468756,5.5,121836,8.0,50801.0,47.0527,-109.6333,1.0,39.8,0.7768031056588165,28706.0,0.9710038820735205,1029862.0,144198.0,14.001681778723752,0,1
Nebraska,0.0,38881.0,2.0529367381216006,4.5,68568,9.0,56675.0,41.5378,-99.7951,0.0,36.3,0.4752046151872227,29866.0,0.0,1893921.0,220330.0,11.633536984911197,0,1
Nevada,504.0,116285.0,4.026872364923945,4.5,116735,9.0,55434.0,39.3289,-116.6312,2.0,37.7,0.3116640261797782,28450.0,0.6925867248439515,2887725.0,405263.0,14.033988693521717,1,0
New Hampshire,0.0,33566.0,2.5202575669295597,5.5,124677,9.0,71305.0,43.6805,-71.5811,0.0,42.7,0.6757527886065077,36914.0,0.0,1331848.0,104470.0,7.843988202857984,1,0
New Jersey,54.0,328167.0,3.662512314231854,0.5,92320,17.0,76475.0,40.1907,-74.6728,13.0,39.6,0.18972873366895976,39069.0,1.4508667868802805,8960161.0,938252.0,10.471374342492282,1,0
New Mexico,11.0,73710.0,3.5355434597002726,5.5,139780,1.0,46718.0,34.4071,-106.1126,2.0,37.3,0.047965587568854606,25257.0,0.9593117513770921,2084828.0,420293.0,20.159600696076605,1,0
New York,60.0,685368.0,3.4617643558807383,0.5,365427,48.0,62765.0,42.9538,-75.5268,13.0,38.4,0.24244594011140794,35752.0,0.6566244211350631,19798228.0,2908471.0,14.690562205870142,1,0
North Carolina,34.0,352287.0,3.504449213155967,5.0,1182349,32.0,50320.0,35.5557,-79.3877,7.0,38.4,0.31832674728556815,28123.0,0.6963397596871803,10052564.0,1579871.0,15.716099892524932,0,1
North Dakota,0.0,11085.0,1.4869713940776015,5.5,70548,2.0,61285.0,47.4501,-100.4659,0.0,35.1,0.26828532143935074,34256.0,0.0,745475.0,79374.0,10.647439551963513,0,1
Ohio,117.0,378735.0,3.2622132627076743,4.5,596389,31.0,52407.0,40.2862,-82.7937,21.0,39.3,0.2670168089665278,29011.0,1.8088235446119625,11609756.0,1683890.0,14.504094659698275,1,0
Oklahoma,5.0,105375.0,2.704522886230892,5.5,348495,10.0,49767.0,35.5889,-97.4943,1.0,36.3,0.2566569761547703,26461.0,0.2566569761547703,3896251.0,612714.0,15.725732248769393,0,1
Oregon,0.0,138139.0,3.4319165581607733,3.0,243044,18.0,56119.0,43.9336,-120.5583,0.0,39.2,0.4471908588225912,30410.0,0.0,4025127.0,587248.0,14.589552081213835,1,0
Pennsylvania,67.0,422016.0,3.2994475198594584,3.0,899241,36.0,56951.0,40.8781,-77.7996,15.0,40.7,0.28145878524733775,31476.0,1.172744938530574,12790505.0,1623537.0,12.693298661780752,1,0
Rhode Island,0.0,38634.0,3.658044687341995,1.0,20400,3.0,61043.0,41.6762,-71.5562,0.0,39.9,0.2840537884253762,33315.0,0.0,1056138.0,136126.0,12.889035334397589,1,0
South Carolina,37.0,170257.0,3.4792877981233667,5.5,289764,14.0,48781.0,33.9169,-80.8964,7.0,39.0,0.28609707191908196,26645.0,1.4304853595954097,4893444.0,790657.0,16.157475185166113,0,1
South Dakota,0.0,17018.0,1.9893762771145744,5.5,83659,7.0,54126.0,44.4443,-100.2263,0.0,36.8,0.8182885145024104,28761.0,0.0,855444.0,114885.0,13.429867998372774,0,1
Tennessee,70.0,210756.0,3.194540378977658,5.0,533394,37.0,48708.0,35.858000000000004,-86.3505,14.0,38.6,0.5608286075944379,27277.0,2.122054190897873,6597381.0,1072360.0,16.25432880108031,0,1
Texas,150.0,784888.0,2.86250585894505,5.5,1465992,66.0,57051.0,31.4757,-99.3312,22.0,34.3,0.24070362483612093,28985.0,0.8023454161204031,27419612.0,4291384.0,15.650783096420183,0,1
Utah,5.0,64314.0,2.1481385237718444,5.5,263812,3.0,65325.0,39.3055,-111.6703,1.0,30.5,0.10020237539751117,26907.0,0.33400791799170393,2993941.0,324856.0,10.850447620711297,0,1
Vermont,0.0,14969.0,2.3964356841424443,5.5,31502,2.0,57808.0,44.0687,-72.6658,0.0,42.8,0.32018647660397415,31917.0,0.0,624636.0,68144.0,10.909393630850607,1,0
Virginia,58.0,236648.0,2.828703774537554,4.5,419764,37.0,68766.0,37.5215,-78.8537,12.0,38.0,0.442268853562631,36268.0,1.4343854710139385,8365952.0,906838.0,10.839627098027815,1,0
Washington,14.0,218821.0,3.0519108386412377,1.5,482115,26.0,66174.0,47.3826,-120.4472,3.0,37.6,0.36262370524160015,34869.0,0.41841196758646165,7169967.0,859950.0,11.993779050865925,1,0
West Virginia,0.0,57659.0,3.1390271242561285,5.5,221847,4.0,44061.0,38.6409,-80.6227,0.0,42.2,0.2177649369053316,24774.0,0.0,1836843.0,317089.0,17.262716519593674,0,1
Wisconsin,9.0,145271.0,2.520658167131309,3.5,334308,11.0,56759.0,44.6243,-89.9941,2.0,39.2,0.19086562244663005,30557.0,0.3470284044484183,5763217.0,692719.0,12.019658465055194,1,0
Wyoming,0.0,14459.0,2.4792524005486967,5.5,63063,1.0,60938.0,42.9957,-107.5512,0.0,37.0,0.17146776406035666,31214.0,0.0,583200.0,63398.0,10.87071330589849,0,1
Alabama,69.0,184479.0,3.8106331452518445,5.5,621305,27.0,44758.0,32.7794,-86.8287,15.0,38.6,0.55771711100884,24736.0,3.098428394493556,4841164.0,868666.0,17.943329331540927,0,1
Alaska,0.0,30139.0,4.090221278270487,5.5,87623,0.0,74444.0,64.0685,-152.2782,0.0,33.6,0.0,34191.0,0.0,736855.0,72826.0,9.88335561270535,0,1
Arizona,27.0,249972.0,3.7150797263671054,5.5,310672,18.0,51340.0,34.2744,-111.6602,4.0,37.1,0.267515702057062,26686.0,0.5944793379045822,6728577.0,1165636.0,17.323662937943638,0,1
Arkansas,14.0,93190.0,3.1393255520011643,5.5,234282,16.0,42336.0,34.8938,-92.4426,3.0,37.7,0.5389978413136456,23401.0,1.0106209524630854,2968472.0,542431.0,18.27307112885013,0,1
California,228.0,1683726.0,4.355867508958792,0.0,1474616,79.0,63783.0,37.1841,-119.4696,46.0,36.0,0.20437620682209848,31458.0,1.1900386726350038,38654206.0,6004257.0,15.533256587911804,1,0
Colorado,16.0,171695.0,3.203686305754768,3.0,413284,16.0,62520.0,38.9972,-105.5478,4.0,36.4,0.29854673049346975,33230.0,0.7463668262336743,5359295.0,637938.0,11.903394009846444,1,0
Connecticut,36.0,155005.0,4.319408566643538,0.5,270297,5.0,71755.0,41.6219,-72.7273,6.0,40.6,0.13933126565735096,39906.0,1.6719751878882119,3588570.0,360464.0,10.044781068782273,1,0
Delaware,9.0,33669.0,3.6021375956862935,1.5,42950,4.0,61017.0,38.9896,-75.505,2.0,39.6,0.42794708434302103,31118.0,2.139735421715105,934695.0,109448.0,11.70948812179374,1,0
District of Columbia,25.0,33326.0,5.0569870821187575,3.0,512,21.0,72935.0,38.9101,-77.0147,5.0,33.8,3.1866029143759795,48781.0,7.587149796133286,659009.0,112060.0,17.00432012309392,1,0
Florida,267.0,802016.0,4.023266053326475,5.5,1034546,63.0,48900.0,28.6305,-82.4497,30.0,41.6,0.3160357915048676,27598.0,1.5049323404993697,19934451.0,3139258.0,15.747902964571233,1,0
Georgia,81.0,419113.0,4.149913063453777,5.5,484580,32.0,51037.0,32.6415,-83.4426,17.0,36.2,0.3168530158466114,26678.0,1.6832816466851235,10099320.0,1746894.0,17.297144758260952,0,1
Hawaii,0.0,38768.0,2.7423597960773107,0.5,15225,0.0,71977.0,20.2927,-156.3737,0.0,38.5,0.0,30970.0,0.0,1413673.0,148577.0,10.509997715171755,1,0
Idaho,0.0,48385.0,2.9584532520362488,5.5,131742,12.0,49174.0,44.3509,-114.613,0.0,35.7,0.7337282013937168,24280.0,0.0,1635483.0,244585.0,14.954909344823516,0,1
Illinois,190.0,545635.0,4.245630378088973,1.0,1344096,32.0,59196.0,40.0417,-89.1965,42.0,37.4,0.24899460646558072,31502.0,3.268054209860747,12851684.0,1753731.0,13.645923755984041,1,0
Indiana,33.0,228929.0,3.4741071431281334,5.0,647550,26.0,50433.0,39.8942,-86.2816,8.0,37.4,0.39456244390763723,26117.0,1.214038288946576,6589578.0,957694.0,14.533464813680027,0,1
Iowa,0.0,75289.0,2.4235262533923865,3.0,127022,4.0,54570.0,42.0751,-93.49600000000001,0.0,38.0,0.12875858377146124,28872.0,0.0,3106589.0,369828.0,11.904632379757992,1,0
Kansas,36.0,79000.0,2.725743299846944,5.5,172167,7.0,53571.0,38.4937,-98.3804,5.0,36.2,0.2415215582142862,28478.0,1.7251539872449015,2898292.0,373162.0,12.875238243765638,0,1
Kentucky,10.0,156509.0,3.5473569857041802,5.5,2492184,23.0,44811.0,37.5347,-85.3021,2.0,38.6,0.5213068300940914,24802.0,0.4533102870383403,4411989.0,804139.0,18.226224045436197,0,1
Louisiana,69.0,168326.0,3.623287921871334,5.5,315357,14.0,45652.0,31.0689,-91.9968,13.0,36.2,0.30135588623384785,25515.0,2.7983046578857302,4645670.0,889570.0,19.148368265503144,0,1
Maine,0.0,41620.0,3.1295044901095777,5.5,83085,3.0,50826.0,45.3695,-69.2428,0.0,44.0,0.22557696949372258,28473.0,0.0,1329923.0,174405.0,13.113917121517561,1,0
Maryland,59.0,216086.0,3.6256636434625937,0.5,142207,18.0,76067.0,39.055,-76.7909,11.0,38.3,0.3020183888929717,37756.0,1.845667932123716,5959902.0,576835.0,9.678598742059853,1,0
Massachusetts,15.0,252347.0,3.7428307290426797,0.5,179344,12.0,70954.0,42.2596,-71.8083,3.0,39.4,0.17798495226221098,38069.0,0.44496238065552746,6742143.0,740836.0,10.988138341177278,1,0
Michigan,58.0,412934.0,4.167009768305482,3.0,424091,28.0,50803.0,44.3467,-85.4102,11.0,39.5,0.2825542907887301,27549.0,1.1100347138128683,9909600.0,1575066.0,15.894344877694357,1,0
Minnesota,25.0,145853.0,2.6757756746265,2.5,481122,10.0,63217.0,46.2807,-94.3053,5.0,37.8,0.18345702005625525,33225.0,0.9172851002812763,5450868.0,577196.0,10.589065814839032,1,0
Mississippi,29.0,128840.0,4.3101948620229145,5.5,214829,18.0,40528.0,32.7364,-89.6678,6.0,36.7,0.6021694156815621,21651.0,2.007231385605207,2989192.0,645553.0,21.59623737785997,0,1
Missouri,46.0,200143.0,3.3028799843423324,5.5,517063,24.0,49593.0,38.3566,-92.458,10.0,38.3,0.39606241349543064,27044.0,1.650260056230961,6059651.0,897755.0,14.815292167816265,0,1
Montana,0.0,29382.0,2.871043423285919,5.5,121836,10.0,48380.0,47.0527,-109.6333,0.0,39.8,0.9771436332740858,27309.0,0.0,1023391.0,148677.0,14.527878396429127,0,1
Nebraska,0.0,42544.0,2.261464264091228,4.5,68568,5.0,54384.0,41.5378,-99.7951,0.0,36.2,0.2657794593939484,28596.0,0.0,1881259.0,227021.0,12.067503730214712,0,1
Nevada,13.0,133525.0,4.7029556504502015,3.5,116735,4.0,53094.0,39.3289,-116.6312,3.0,37.5,0.14088614567909236,27253.0,1.0566460925931926,2839172.0,417257.0,14.69643262190526,1,0
New Hampshire,0.0,37727.0,2.841952146247504,4.5,124677,6.0,68485.0,43.6805,-71.5811,0.0,42.4,0.4519763797143961,35264.0,0.0,1327503.0,109690.0,8.262881515145352,1,0
New Jersey,45.0,368870.0,4.137421574398438,0.5,92320,15.0,73702.0,40.1907,-74.6728,9.0,39.5,0.16824714293918336,37538.0,1.0094828576351003,8915456.0,949341.0,10.648260728335153,1,0
New Mexico,18.0,81175.0,3.8976428803616896,5.5,139780,2.0,45674.0,34.4071,-106.1126,4.0,37.2,0.09603062224482144,24459.0,1.9206124448964286,2082669.0,426814.0,20.493607001400605,1,0
New York,74.0,759224.0,3.854426487642542,0.5,365427,47.0,60741.0,42.9538,-75.5268,15.0,38.2,0.23860948141681437,34212.0,0.7615196215430245,19697457.0,2967564.0,15.065721427898028,1,0
North Carolina,41.0,404584.0,4.069922545687342,5.0,1182349,31.0,48256.0,35.5557,-79.3877,9.0,38.3,0.3118452507175459,26779.0,0.9053571795025526,9940828.0,1631704.0,16.414165902478143,0,1
North Dakota,0.0,11250.0,1.528196239414694,5.5,70548,1.0,59114.0,47.4501,-100.4659,0.0,35.2,0.1358396657257506,33107.0,0.0,736162.0,79314.0,10.773987247372181,0,1
Ohio,54.0,423956.0,3.6589122185052982,4.5,596389,35.0,50674.0,40.2862,-82.7937,11.0,39.3,0.30206419451000915,27800.0,0.9493446113171716,11586941.0,1732839.0,14.955103335729422,1,0
Oklahoma,6.0,110120.0,2.841374562679376,5.5,348495,6.0,48038.0,35.5889,-97.4943,1.0,36.2,0.15481517777039824,25628.0,0.2580252962839971,3875589.0,621155.0,16.027370291328623,0,1
Oregon,8.0,160797.0,4.037825690743489,3.0,243044,11.0,53270.0,43.9336,-120.5583,2.0,39.1,0.27622457258641875,28822.0,0.5022264956116704,3982267.0,614223.0,15.423953240704353,1,0
Pennsylvania,48.0,468440.0,3.664274427277208,3.0,899241,40.0,54895.0,40.8781,-77.7996,10.0,40.6,0.3128916768232609,30137.0,0.7822291920581522,12783977.0,1647762.0,12.88927537964125,1,0
Rhode Island,0.0,43600.0,4.134696265781311,1.0,20400,1.0,58387.0,41.6762,-71.5562,0.0,39.9,0.0948324831601218,31904.0,0.0,1054491.0,140161.0,13.291815672205832,1,0
South Carolina,21.0,194454.0,4.022127971157933,5.5,289764,12.0,46898.0,33.9169,-80.8964,5.0,38.8,0.24821055701551625,25521.0,1.0342106542313179,4834605.0,806422.0,16.680204484130556,0,1
South Dakota,0.0,18636.0,2.1897449997532483,5.5,83659,7.0,52078.0,44.4443,-100.2263,0.0,36.8,0.822505634163594,27516.0,0.0,851058.0,115300.0,13.5478428027232,0,1
Tennessee,58.0,238372.0,3.640373738032431,5.5,533394,38.0,46574.0,35.858000000000004,-86.3505,12.0,38.5,0.580329074074272,26019.0,1.8326181286555958,6548009.0,1100169.0,16.80158044987415,0,1
Texas,157.0,848131.0,3.1463025433444742,5.5,1465992,55.0,54727.0,31.4757,-99.3312,31.0,34.2,0.20403291458978162,27828.0,1.150003700415133,26956435.0,4397307.0,16.312642973746343,0,1
Utah,0.0,73114.0,2.4797629380005,5.5,263812,3.0,62518.0,39.3055,-111.6703,0.0,30.3,0.10174916998114587,25600.0,0.0,2948427.0,338808.0,11.49114426099069,0,1
Vermont,0.0,17087.0,2.728467430686516,5.5,31502,1.0,56104.0,44.0687,-72.6658,0.0,42.6,0.15968089370202587,30663.0,0.0,626249.0,69673.0,11.12544690690125,1,0
Virginia,55.0,255340.0,3.0725722209099287,4.5,419764,39.0,66149.0,37.5215,-78.8537,11.0,37.8,0.46929708081572497,34967.0,1.3236584330699934,8310301.0,921664.0,11.090621145972932,1,0
Washington,37.0,244692.0,3.4594507168380235,1.5,482115,21.0,62848.0,47.3826,-120.4472,8.0,37.6,0.29689758984191755,32999.0,1.1310384374930194,7073146.0,883256.0,12.48745607682918,1,0
West Virginia,4.0,61215.0,3.3159235834400453,5.5,221847,4.0,42644.0,38.6409,-80.6227,1.0,41.9,0.2166739252431623,24002.0,0.5416848131079057,1846092.0,318060.0,17.22882716571005,0,1
Wisconsin,8.0,169426.0,2.944082485605924,3.5,334308,9.0,54610.0,44.6243,-89.9941,2.0,39.1,0.15639124083938305,29253.0,0.34753609075418457,5754798.0,713472.0,12.397863487128479,1,0
Wyoming,0.0,15118.0,2.593009953192723,5.5,63063,2.0,59143.0,42.9957,-107.5512,0.0,36.8,0.34303610969608717,30139.0,0.0,583029.0,65762.0,11.279370322917043,0,1
Alabama,10.0,207097.0,4.287172247040752,5.5,737509,22.0,43623.0,32.7794,-86.8287,4.0,38.4,0.45542808169551735,24091.0,0.8280510576282134,4830620.0,887260.0,18.367414534780213,0,1
Alaska,6.0,31285.0,4.265893983296404,5.5,85621,0.0,72515.0,64.0685,-152.2782,0.0,33.4,0.0,33413.0,0.0,733375.0,72957.0,9.948116584284984,0,1
Arizona,4.0,275712.0,4.151083841920599,5.5,331442,18.0,50255.0,34.2744,-111.6602,6.0,36.8,0.27100564775769925,25848.0,0.9033521591923309,6641928.0,1180690.0,17.776314347279886,0,1
Arkansas,12.0,104943.0,3.5475193089870625,5.5,257346,22.0,41371.0,34.8938,-92.4426,2.0,37.7,0.7436934792955735,22798.0,0.6760849811777941,2958208.0,553644.0,18.71551966595993,0,1
California,208.0,1891081.0,4.92193894537699,0.5,1761079,68.0,61818.0,37.1841,-119.4696,27.0,35.8,0.1769844064244923,30318.0,0.7027322019796018,38421464.0,6135142.0,15.968006841176068,1,0
Colorado,9.0,195578.0,3.704896431192372,3.5,454062,16.0,60629.0,38.9972,-105.5478,3.0,36.3,0.30309310300278125,32217.0,0.5682995681302149,5278906.0,653969.0,12.388343342351616,1,0
Connecticut,5.0,172292.0,4.794916651406454,0.5,307750,2.0,70331.0,41.6219,-72.7273,2.0,40.4,0.055660351628705376,38803.0,0.5566035162870538,3593222.0,366351.0,10.195612739763922,1,0
Delaware,0.0,36223.0,3.909854131991443,1.5,50416,5.0,60509.0,38.9896,-75.505,1.0,39.3,0.5396922027429316,30554.0,1.0793844054858632,926454.0,108315.0,11.691352188020128,1,0
District of Columbia,27.0,35811.0,5.530793038901347,3.0,742,18.0,70848.0,38.9101,-77.0147,2.0,33.7,2.779991474692811,47675.0,3.0888794163253452,647484.0,110365.0,17.045208839137338,1,0
Florida,91.0,915976.0,4.662458670496634,5.5,1147082,58.0,47507.0,28.6305,-82.4497,25.0,41.4,0.2952289174484973,26829.0,1.2725384372780055,19645772.0,3180109.0,16.187243748934886,1,0
Georgia,85.0,468932.0,4.686183537358446,5.5,566946,39.0,49620.0,32.6415,-83.4426,20.0,35.9,0.389739147588519,25737.0,1.9986622953257385,10006693.0,1788947.0,17.877504586180468,0,1
Hawaii,0.0,42288.0,3.0070418879626595,1.0,15290,0.0,69515.0,20.2927,-156.3737,0.0,38.0,0.0,29822.0,0.0,1406299.0,153944.0,10.946747455555327,1,0
Idaho,0.0,55312.0,3.421614094734023,5.5,136946,8.0,47583.0,44.3509,-114.613,0.0,35.5,0.4948819922959246,23399.0,0.0,1616547.0,245177.0,15.166710278142238,0,1
Illinois,128.0,608516.0,4.726792737569076,1.0,1247398,23.0,57574.0,40.0417,-89.1965,25.0,37.3,0.17865796949314192,30494.0,1.9419344510124121,12873761.0,1801118.0,13.990612378154294,1,0
Indiana,38.0,258739.0,3.9390011181910425,5.0,1076917,16.0,49255.0,39.8942,-86.2816,10.0,37.3,0.24358143878988742,25346.0,1.5223839924367963,6568645.0,978043.0,14.889570071148617,0,1
Iowa,0.0,81735.0,2.6421306948769785,3.5,147309,5.0,53183.0,42.0751,-93.49600000000001,2.0,38.1,0.16162786412656627,27950.0,0.6465114565062651,3093526.0,373883.0,12.085982144646595,1,0
Kansas,0.0,88454.0,3.0575318865933374,5.5,185859,5.0,52205.0,38.4937,-98.3804,1.0,36.0,0.17283174794770942,27706.0,0.34566349589541884,2892987.0,381353.0,13.181981115020566,0,1
Kentucky,16.0,174308.0,3.963930118869238,5.5,3218371,13.0,43740.0,37.5347,-85.3021,4.0,38.5,0.29563239521594015,24063.0,0.9096381391259697,4397353.0,805841.0,18.325592691785264,0,1
Louisiana,60.0,178150.0,3.8516811945206024,5.5,372613,21.0,45047.0,31.0689,-91.9968,14.0,36.1,0.4540292174287547,24981.0,3.0268614495250312,4625253.0,888280.0,19.20500348845782,0,1
Maine,5.0,47497.0,3.5736212474606877,5.5,94744,2.0,49331.0,45.3695,-69.2428,0.0,43.8,0.15047776690993905,27655.0,0.0,1329100.0,180278.0,13.563915431494996,1,0
Maryland,4.0,238027.0,4.013581904373599,0.5,125694,15.0,74551.0,39.055,-76.7909,13.0,38.2,0.25292814918309264,36897.0,2.192043959586803,5930538.0,576805.0,9.726014739303585,1,0
Massachusetts,20.0,280164.0,4.178068851849786,0.5,167285,10.0,68563.0,42.2596,-71.8083,5.0,39.3,0.14912939749039084,36895.0,0.7456469874519542,6705586.0,748905.0,11.168375142754115,1,0
Michigan,51.0,477746.0,4.825438856001336,3.0,500921,19.0,49576.0,44.3467,-85.4102,11.0,39.5,0.19190812327895027,26607.0,1.1110470295097121,9900571.0,1616870.0,16.331078278212438,1,0
Minnesota,9.0,167764.0,3.0957502540517727,3.0,519244,6.0,61492.0,46.2807,-94.3053,5.0,37.7,0.11071804156023125,32157.0,0.9226503463352604,5419171.0,596662.0,11.010208018901784,1,0
Mississippi,19.0,138445.0,4.63324120062341,5.5,252372,19.0,39665.0,32.7364,-89.6678,2.0,36.5,0.6358596035381906,21057.0,0.6693258984612532,2988081.0,651545.0,21.80479712564686,0,1
Missouri,37.0,226528.0,3.7470837562410595,5.5,584875,22.0,48173.0,38.3566,-92.458,13.0,38.2,0.36391016844409213,26259.0,2.1503782680787262,6045448.0,915972.0,15.151432945912363,0,1
Montana,0.0,32361.0,3.1892216312423685,5.5,127705,6.0,47169.0,47.0527,-109.6333,1.0,39.7,0.5913083584393007,26381.0,0.985513930732168,1014699.0,150586.0,14.840460077323423,0,1
Nebraska,0.0,47602.0,2.5464261928515834,4.5,79340,5.0,52997.0,41.5378,-99.7951,3.0,36.2,0.26747050469009526,27882.0,1.6048230281405718,1869365.0,231115.0,12.363289138290275,0,1
Nevada,17.0,148467.0,5.304977138863361,5.5,127480,4.0,51847.0,39.3289,-116.6312,1.0,37.2,0.1429267686115665,26541.0,0.35731692152891625,2798636.0,426337.0,15.233742437387356,1,0
New Hampshire,0.0,42733.0,3.2270780644328165,4.5,136816,6.0,66779.0,43.6805,-71.5811,0.0,42.2,0.45310341858977604,34362.0,0.0,1324201.0,113840.0,8.596882195376685,1,0
New Jersey,29.0,413343.0,4.642001668161618,0.5,90034,21.0,72093.0,40.1907,-74.6728,9.0,39.4,0.2358381175715906,36582.0,1.0107347895925314,8904413.0,944847.0,10.610997041579271,1,0
New Mexico,4.0,88924.0,4.266747020440791,5.5,147912,3.0,44963.0,34.4071,-106.1126,2.0,37.0,0.1439458533278122,24012.0,0.9596390221854146,2084117.0,429361.0,20.601578510227593,1,0
New York,60.0,829141.0,4.214576661600208,0.5,346048,44.0,59269.0,42.9538,-75.5268,21.0,38.1,0.2236548103524119,33236.0,1.067443413045602,19673174.0,3005943.0,15.279400263526364,1,0
North Carolina,14.0,453420.0,4.605430816814423,5.5,531876,29.0,46868.0,35.5557,-79.3877,12.0,38.0,0.29455580628913214,25920.0,1.2188516122308914,9845333.0,1667465.0,16.936603363238195,0,1
North Dakota,0.0,11464.0,1.588603735934815,5.5,69429,2.0,57181.0,47.4501,-100.4659,0.0,35.4,0.27714649963970955,32035.0,0.0,721640.0,79758.0,11.052325259131978,0,1
Ohio,33.0,477251.0,4.122770803708404,4.5,748502,34.0,49429.0,40.2862,-82.7937,14.0,39.2,0.2937117100353603,26953.0,1.2094011589691307,11575977.0,1775836.0,15.34070083242218,1,0
Oklahoma,11.0,115978.0,3.012624511881733,5.5,359276,17.0,46879.0,35.5889,-97.4943,5.0,36.2,0.44158906604691806,25032.0,1.2987913707262295,3849733.0,624043.0,16.21003326724217,0,1
Oregon,9.0,184016.0,4.671366227892587,3.0,276126,9.0,51243.0,43.9336,-120.5583,2.0,39.1,0.22847087237540914,27684.0,0.5077130497231314,3939233.0,636947.0,16.16931519409997,1,0
Pennsylvania,46.0,514993.0,4.029818243336879,3.0,993429,40.0,53599.0,40.8781,-77.7996,15.0,40.5,0.3129998460823257,29291.0,1.1737494228087213,12779559.0,1666569.0,13.040896012139386,1,0
Rhode Island,5.0,48418.0,4.595216108406784,1.0,22129,3.0,56852.0,41.6762,-71.5562,1.0,39.7,0.28472155655376824,31118.0,0.9490718551792274,1053661.0,144223.0,13.687799016951372,1,0
South Carolina,36.0,217977.0,4.562501988456071,5.5,326997,22.0,45483.0,33.9169,-80.8964,11.0,38.6,0.46048456372017943,24604.0,2.3024228186008973,4777576.0,830901.0,17.391685658166402,0,1
South Dakota,5.0,20220.0,2.3980360298390635,5.5,100268,5.0,50957.0,44.4443,-100.2263,1.0,36.8,0.5929861597030326,26747.0,1.1859723194060652,843190.0,114907.0,13.627652130599271,0,1
Tennessee,61.0,266297.0,4.09711959862238,5.5,654192,41.0,45219.0,35.858000000000004,-86.3505,11.0,38.4,0.630806593929025,25227.0,1.6924079349315304,6499615.0,1117594.0,17.194772305744262,0,1
Texas,90.0,912068.0,3.4367582270875188,5.5,1574266,84.0,53207.0,31.4757,-99.3312,19.0,34.1,0.3165199207464263,26999.0,0.7159379159740595,26538614.0,4472451.0,16.852617095979465,0,1
Utah,11.0,81870.0,2.819817874276834,5.5,254814,3.0,60727.0,39.3055,-111.6703,0.0,30.1,0.10332788106547579,24686.0,0.0,2903379.0,351601.0,12.110062103500782,0,1
Vermont,0.0,18957.0,3.025355727062068,5.5,34588,3.0,55176.0,44.0687,-72.6658,1.0,42.4,0.47877128138345754,29894.0,1.5959042712781917,626604.0,69233.0,11.048924041340305,1,0
Virginia,40.0,276030.0,3.343131519760483,4.5,462997,32.0,65015.0,37.5215,-78.8537,5.0,37.6,0.38756732468331506,34152.0,0.6055739448176799,8256630.0,921822.0,11.164627699194465,1,0
Washington,16.0,277806.0,3.976915491941552,2.0,502280,8.0,61062.0,47.3826,-120.4472,1.0,37.4,0.11452353057721006,31762.0,0.14315441322151257,6985464.0,908512.0,13.005750226470282,1,0
West Virginia,0.0,63341.0,3.4212118265979625,5.0,249014,8.0,41751.0,38.6409,-80.6227,0.0,41.8,0.4321007658986075,23450.0,0.0,1851420.0,323384.0,17.466809259919412,0,1
Wisconsin,9.0,193763.0,3.3744174840045926,4.5,383280,9.0,53357.0,44.6243,-89.9941,3.0,39.0,0.15673661821937798,28340.0,0.5224553940645932,5742117.0,724348.0,12.61465065933,1,0
Wyoming,0.0,15002.0,2.587984039442519,5.5,62339,2.0,58840.0,42.9957,-107.5512,0.0,36.8,0.3450185361208531,29803.0,0.0,579679.0,64995.0,11.212239877587423,0,1
Alabama,10.0,228716.0,4.747432269238417,5.5,621305,18.0,43511.0,32.7794,-86.8287,2.0,38.2,0.37362397403894576,23936.0,0.41513774893216193,4817678.0,889710.0,18.46761033012169,0,1
Alaska,6.0,32097.0,4.407112453659207,5.5,87623,0.0,71829.0,64.0685,-152.2782,1.0,33.4,0.0,33129.0,1.3730605519703418,728300.0,71866.0,9.867636962790058,0,1
Arizona,4.0,304067.0,4.634096754469546,5.5,310672,16.0,49928.0,34.2744,-111.6602,1.0,36.5,0.24384608678847997,25537.0,0.15240380424279998,6561516.0,1169309.0,17.820713993534422,0,1
Arkansas,12.0,115090.0,3.905279745479865,5.5,234282,20.0,41264.0,34.8938,-92.4426,2.0,37.6,0.678647970367515,22595.0,0.678647970367515,2947036.0,549303.0,18.639168303339357,0,1
California,208.0,2084564.0,5.476051122601986,0.5,1474616,57.0,61489.0,37.1841,-119.4696,42.0,35.6,0.14973630648342445,29906.0,1.1033201530357593,38066920.0,6115244.0,16.064457014121448,1,0
Colorado,9.0,219241.0,4.21813613258478,3.5,413284,15.0,59448.0,38.9972,-105.5478,2.0,36.2,0.2885958465285768,31674.0,0.3847944620381023,5197580.0,663861.0,12.772501818153833,1,0
Connecticut,5.0,186587.0,5.19443894619595,0.5,270297,3.0,69899.0,41.6219,-72.7273,1.0,40.3,0.08351769865311007,38480.0,0.27839232884370024,3592053.0,364740.0,10.154081802245123,1,0
Delaware,0.0,39819.0,4.342027784441585,2.0,42950,4.0,60231.0,38.9896,-75.505,0.0,39.1,0.43617647700259526,30191.0,0.0,917060.0,107101.0,11.678734215863738,1,0
District of Columbia,27.0,38496.0,6.074453715742833,3.0,512,16.0,69235.0,38.9101,-77.0147,6.0,33.7,2.5247106050468964,46502.0,9.46766476892586,633736.0,109378.0,17.259237284926215,1,0
Florida,91.0,1024905.0,5.29344081374286,5.5,1034546,50.0,47212.0,28.6305,-82.4497,16.0,41.2,0.2582405595515126,26499.0,0.8263697905648403,19361792.0,3159259.0,16.316976238563043,1,0
Georgia,85.0,519291.0,5.2412574552703965,5.5,484580,28.0,49342.0,32.6415,-83.4426,17.0,35.8,0.28260687889366676,25427.0,1.7158274789972623,9907756.0,1781388.0,17.97973224209397,0,1
Hawaii,0.0,46285.0,3.3233910436101284,1.0,15225,0.0,68201.0,20.2927,-156.3737,0.0,38.2,0.0,29552.0,0.0,1392704.0,153752.0,11.039818942144203,1,0
Idaho,0.0,61837.0,3.8661076460614305,5.5,131742,10.0,47334.0,44.3509,-114.613,0.0,35.2,0.62520944516413,23087.0,0.0,1599464.0,244618.0,15.293748405715915,0,1
Illinois,128.0,669561.0,5.203000727265833,1.0,1344096,21.0,57166.0,40.0417,-89.1965,26.0,37.0,0.1631860506698904,30019.0,2.0203987225795954,12868747.0,1810470.0,14.068735674110307,1,0
Indiana,38.0,290469.0,4.439785271821046,5.0,647550,16.0,48737.0,39.8942,-86.2816,8.0,37.2,0.24455816059247884,24953.0,1.2227908029623942,6542411.0,983826.0,15.037667306441005,0,1
Iowa,0.0,89414.0,2.904828797875064,3.5,127022,2.0,52716.0,42.0751,-93.49600000000001,0.0,38.0,0.0649748092664474,27621.0,0.0,3078116.0,373867.0,12.145968508009444,1,0
Kansas,0.0,97951.0,3.39760092627472,5.5,172167,3.0,51872.0,38.4937,-98.3804,0.0,36.0,0.10406022173152046,27367.0,0.0,2882946.0,386062.0,13.391232440704751,0,1
Kentucky,16.0,192877.0,4.4002973121449,5.5,2492184,16.0,43342.0,37.5347,-85.3021,4.0,38.3,0.3650241189686609,23741.0,0.9125602974216522,4383272.0,803866.0,18.339404901178845,0,1
Louisiana,60.0,189644.0,4.121755712664656,5.5,315357,15.0,44991.0,31.0689,-91.9968,11.0,36.0,0.32601261147186217,24775.0,2.390759150793656,4601049.0,874638.0,19.009534564835107,0,1
Maine,5.0,51931.0,3.9088921255367755,5.5,83085,2.0,48804.0,45.3695,-69.2428,1.0,43.5,0.15054176216659704,27332.0,0.7527088108329852,1328535.0,179878.0,13.53957554750157,1,0
Maryland,4.0,257918.0,4.380567467240602,0.5,142207,15.0,74149.0,39.055,-76.7909,1.0,38.1,0.25476512693417686,36670.0,0.1698434179561179,5887776.0,573383.0,9.738532851793275,1,0
Massachusetts,20.0,309050.0,4.642278668605593,0.5,179344,13.0,67846.0,42.2596,-71.8083,4.0,39.3,0.19527462446812077,36441.0,0.6008449983634484,6657291.0,742784.0,11.157451281609893,1,0
Michigan,51.0,554747.0,5.609724478371172,3.0,424091,15.0,49087.0,44.3467,-85.4102,11.0,39.3,0.15168332082114475,26143.0,1.1123443526883947,9889024.0,1633316.0,16.516452988687256,1,0
Minnesota,9.0,192010.0,3.5665321423470013,3.0,481122,8.0,60828.0,46.2807,-94.3053,1.0,37.6,0.14859776646412173,31642.0,0.18574720808015216,5383661.0,605761.0,11.251841451384104,1,0
Mississippi,19.0,147210.0,4.932740685141966,5.5,214829,22.0,39464.0,32.7364,-89.6678,4.0,36.3,0.7371801852667839,20956.0,1.3403276095759706,2984345.0,653726.0,21.905175172441524,0,1
Missouri,37.0,254534.0,4.222474965478206,5.5,517063,19.0,47764.0,38.3566,-92.458,8.0,38.1,0.3151917792675474,26006.0,1.3271232811265155,6028076.0,912291.0,15.134032815777372,0,1
Montana,0.0,35284.0,3.5060663573039736,5.5,121836,9.0,46766.0,47.0527,-109.6333,0.0,39.8,0.8943032880550891,25977.0,0.0,1006370.0,150096.0,14.914594035990739,0,1
Nebraska,0.0,54785.0,2.9523872652600187,4.5,68568,7.0,52400.0,41.5378,-99.7951,0.0,36.2,0.3772330173737361,27339.0,0.0,1855617.0,231762.0,12.489754081795974,0,1
Nevada,17.0,166167.0,6.017090191716059,5.5,116735,6.0,52205.0,39.3289,-116.6312,4.0,36.9,0.21726661220516919,26515.0,1.4484440813677948,2761584.0,423578.0,15.338226177440193,1,0
New Hampshire,0.0,48029.0,3.635616307702323,5.0,124677,6.0,65986.0,43.6805,-71.5811,0.0,41.8,0.4541776394722759,33821.0,0.0,1321069.0,113374.0,8.581989282921635,1,0
New Jersey,29.0,453097.0,5.105678439966582,0.5,92320,40.0,72062.0,40.1907,-74.6728,6.0,39.3,0.4507360181123761,36359.0,0.6761040271685642,8874374.0,934665.0,10.532179509225102,1,0
New Mexico,4.0,93106.0,4.476067083797056,5.5,139780,3.0,44968.0,34.4071,-106.1126,1.0,36.8,0.14422487542576387,23948.0,0.4807495847525462,2080085.0,426116.0,20.485509005641596,1,0
New York,60.0,893092.0,4.557910375093203,0.5,365427,44.0,58687.0,42.9538,-75.5268,14.0,38.1,0.22455475640146919,32829.0,0.7144924067319474,19594330.0,2978521.0,15.200933127083191,1,0
North Carolina,14.0,505668.0,5.186123037966115,5.5,1182349,24.0,46693.0,35.5557,-79.3877,3.0,37.8,0.24614362172648213,25608.0,0.30767952715810265,9750405.0,1669147.0,17.118745323912187,0,1
North Dakota,0.0,12213.0,1.7325247366741143,5.5,70548,2.0,55579.0,47.4501,-100.4659,0.0,35.9,0.2837181260417775,30894.0,0.0,704925.0,80865.0,11.471433131184169,0,1
Ohio,33.0,536573.0,4.641482373416791,4.5,596389,27.0,48849.0,40.2862,-82.7937,7.0,39.1,0.2335563363834061,26520.0,0.6055164276606825,11560380.0,1790564.0,15.488798811111746,1,0
Oklahoma,11.0,124804.0,3.2681034164464653,5.5,348495,11.0,46235.0,35.5889,-97.4943,2.0,36.2,0.2880447548228512,24695.0,0.5237177360415476,3818851.0,625508.0,16.379481681793816,0,1
Oregon,9.0,206222.0,5.287278580371009,4.0,243044,9.0,50521.0,43.9336,-120.5583,2.0,38.9,0.23074893669608032,27173.0,0.5127754148801784,3900343.0,638816.0,16.378456971604805,1,0
Pennsylvania,46.0,556468.0,4.361468920611136,3.0,899241,38.0,53115.0,40.8781,-77.7996,9.0,40.4,0.29783530945754866,28912.0,0.7053994171362994,12758729.0,1667858.0,13.072289567401267,1,0
Rhode Island,5.0,53761.0,5.104286533517145,1.0,20400,1.0,56423.0,41.6762,-71.5562,1.0,39.7,0.09494403998283411,30765.0,0.9494403998283412,1053252.0,143996.0,13.671561981368182,1,0
South Carolina,36.0,242145.0,5.122297781405897,5.5,289764,19.0,45033.0,33.9169,-80.8964,7.0,38.3,0.4019230537352084,24222.0,1.4807691453402416,4727273.0,840141.0,17.772212436218513,0,1
South Dakota,5.0,21364.0,2.5594579182181074,5.5,83659,4.0,50338.0,44.4443,-100.2263,1.0,36.8,0.47920949601537305,26311.0,1.1980237400384326,834708.0,114444.0,13.710662890495838,0,1
Tennessee,61.0,296819.0,4.60087128847926,5.5,533394,29.0,44621.0,35.858000000000004,-86.3505,13.0,38.3,0.4495172727012035,24811.0,2.0150774293502227,6451365.0,1121344.0,17.38149988413305,0,1
Texas,90.0,982580.0,3.7658238436230707,5.5,1465992,36.0,52576.0,31.4757,-99.3312,14.0,33.9,0.13797315065483784,26513.0,0.5365622525465915,26092033.0,4500034.0,17.246774139830347,0,1
Utah,11.0,95738.0,3.3496949558642055,5.5,263812,4.0,59846.0,39.3055,-111.6703,2.0,29.9,0.1399525770692601,24312.0,0.6997628853463004,2858111.0,358682.0,12.549617562089086,0,1
Vermont,0.0,21643.0,3.4553721673547715,5.5,31502,4.0,54447.0,44.0687,-72.6658,0.0,42.2,0.6386124229274632,29535.0,0.0,626358.0,72044.0,11.50204834934654,1,0
Virginia,40.0,293310.0,3.583449061475009,4.5,419764,26.0,64792.0,37.5215,-78.8537,8.0,37.6,0.3176491616322329,33958.0,0.9773820357914859,8185131.0,914237.0,11.169485253198758,1,0
Washington,16.0,308955.0,4.4781778785506505,2.0,482115,10.0,60294.0,47.3826,-120.4472,3.0,37.4,0.1449459590733489,31233.0,0.4348378772200467,6899123.0,916364.0,13.282325884029028,1,0
West Virginia,0.0,67035.0,3.615927883181283,5.5,221847,10.0,41576.0,38.6409,-80.6227,0.0,41.6,0.5394089480392754,23237.0,0.0,1853881.0,326225.0,17.596868407411264,0,1
Wisconsin,9.0,221662.0,3.8720336395390356,3.5,334308,10.0,52738.0,44.6243,-89.9941,2.0,38.8,0.17468188681591953,27907.0,0.34936377363183907,5724692.0,738557.0,12.901253028110508,1,0
Wyoming,0.0,15950.0,2.772702698474231,5.5,63063,1.0,58252.0,42.9957,-107.5512,0.0,36.8,0.17383715977894867,29381.0,0.0,575251.0,65271.0,11.346525255931759,0,1
